#x_m,y_m,w_tr_right_m,w_tr_left_m
-36.43825277388338,26.44885819203435,0.5,1.625
-36.50075277388338,26.38635819203435,0.5476909133900132,1.5625
-37.62575277388338,26.38635819203435,0.5,1.5775962673243327
-37.68825277388338,26.32385819203435,0.5476909133900132,1.5242668425877057
-38.37575277388338,26.32385819203435,0.4882117688026185,1.5775962673243327
-38.43825277388338,26.26135819203435,0.5307764064044151,1.5242668425877057
-38.93825277388338,26.26135819203435,0.4882117688026185,1.5775962673243327
-39.00075277388338,26.19885819203435,0.5307764064044151,1.5242668425877057
-39.37575277388338,26.19885819203435,0.4882117688026185,1.5775962673243327
-39.43825277388338,26.13635819203435,0.5307764064044151,1.5242668425877057
-39.81325277388338,26.13635819203435,0.4882117688026185,1.5775962673243327
-39.87575277388338,26.07385819203435,0.5307764064044151,1.5242668425877057
-40.12575277388338,26.07385819203435,0.4882117688026185,1.5710051907226115
-40.18825277388338,26.01135819203435,0.5307764064044151,1.5155644370746373
-40.50075277388338,26.01135819203435,0.4882117688026185,1.5710051907226115
-40.56325277388338,25.94885819203435,0.5307764064044151,1.5155644370746373
-40.81325277388338,25.94885819203435,0.4882117688026185,1.5615528128088303
-40.87575277388338,25.88635819203435,0.5307764064044151,1.5155644370746373
-41.12575277388338,25.88635819203435,0.4882117688026185,1.5615528128088303
-41.18825277388338,25.82385819203435,0.5307764064044151,1.5175015489461217
-41.31325277388338,25.82385819203435,0.5077822185373186,1.5558605254248157
-41.37575277388338,25.76135819203435,0.534559084827928,1.5194368026754388
-41.43825277388338,25.76135819203435,0.5077822185373186,1.543472840533977
-41.50075277388338,25.69885819203435,0.534559084827928,1.5126552735130772
-41.56325277388338,25.69885819203435,0.5077822185373186,1.5406034646643136
-41.62575277388338,25.63635819203435,0.534559084827928,1.5126552735130772
-41.68825277388338,25.63635819203435,0.5077822185373186,1.5406034646643136
-41.75075277388338,25.57385819203435,0.534559084827928,1.5155644370746373
-41.81325277388338,25.57385819203435,0.5077822185373186,1.5472924192698998
-41.87575277388338,25.51135819203435,0.534559084827928,1.528122592448494
-41.93825277388338,25.51135819203435,0.5077822185373186,1.5634467524023972
-42.06325277388338,25.38635819203435,0.5402073110683274,1.528122592448494
-42.12575277388338,25.38635819203435,0.5077822185373186,1.5634467524023972
-42.68825277388338,24.82385819203435,0.5077822185373186,1.5501524333570909
-42.68825277388338,24.76135819203435,0.5402073110683274,1.5126552735130772
-42.81325277388338,24.63635819203435,0.5077822185373186,1.5472924192698998
-42.81325277388338,24.57385819203435,0.5402073110683274,1.5126552735130772
-42.93825277388338,24.44885819203435,0.5077822185373186,1.5472924192698998
-42.93825277388338,24.38635819203435,0.5402073110683274,1.5155644370746373
-43.06325277388338,24.26135819203435,0.5077822185373186,1.569118169655856
-43.06325277388338,24.19885819203435,0.5307764064044151,1.5406034646643136
-43.12575277388338,24.13635819203435,0.4882117688026185,1.569118169655856
-43.12575277388338,24.01135819203435,0.5307764064044151,1.5194368026754388
-43.18825277388338,23.94885819203435,0.4882117688026185,1.5558605254248157
-43.18825277388338,23.82385819203435,0.5307764064044151,1.5175015489461217
-43.25075277388338,23.76135819203435,0.4882117688026185,1.5558605254248157
-43.25075277388338,23.57385819203435,0.5476909133900132,1.5009763241977652
-43.31325277388338,23.51135819203435,0.5077822185373186,1.5472924192698998
-43.31325277388338,23.38635819203435,0.5307764064044151,1.5175015489461217
-43.37575277388338,23.32385819203435,0.4882117688026185,1.5615528128088303
-43.37575277388338,23.07385819203435,0.5307764064044151,1.5155644370746373
-43.43825277388338,23.01135819203435,0.4882117688026185,1.5615528128088303
-43.43825277388338,22.76135819203435,0.5307764064044151,1.5155644370746373
-43.50075277388338,22.69885819203435,0.4882117688026185,1.5710051907226115
-43.50075277388338,22.13635819203435,0.5476909133900132,1.5348525745124633
-43.56325277388338,22.07385819203435,0.5,1.5860399085348296
-43.56325277388338,20.01135819203435,0.5,1.6222408557937058
-43.50075277388338,19.94885819203435,0.5476909133900132,1.5625
-43.50075277388338,19.13635819203435,0.5,1.5775962673243327
-43.43825277388338,19.07385819203435,0.5476909133900132,1.5242668425877057
-43.43825277388338,18.32385819203435,0.4882117688026185,1.5775962673243327
-43.37575277388338,18.26135819203435,0.5307764064044151,1.5242668425877057
-43.37575277388338,17.69885819203435,0.4882117688026185,1.5775962673243327
-43.31325277388338,17.63635819203435,0.5307764064044151,1.5242668425877057
-43.31325277388338,17.07385819203435,0.4882117688026185,1.5775962673243327
-43.25075277388338,17.01135819203435,0.5307764064044151,1.5242668425877057
-43.25075277388338,16.51135819203435,0.4882117688026185,1.5710051907226115
-43.18825277388338,16.44885819203435,0.5307764064044151,1.5155644370746373
-43.18825277388338,15.94885819203435,0.4882117688026185,1.5775962673243327
-43.12575277388338,15.88635819203435,0.5307764064044151,1.5242668425877057
-43.12575277388338,15.38635819203435,0.4882117688026185,1.5775962673243327
-43.06325277388338,15.32385819203435,0.5307764064044151,1.5242668425877057
-43.06325277388338,14.94885819203435,0.4882117688026185,1.5710051907226115
-43.00075277388338,14.88635819203435,0.5307764064044151,1.5155644370746373
-43.00075277388338,14.44885819203435,0.4882117688026185,1.5710051907226115
-42.93825277388338,14.38635819203435,0.5307764064044151,1.5155644370746373
-42.93825277388338,13.94885819203435,0.4882117688026185,1.5710051907226115
-42.87575277388338,13.88635819203435,0.5307764064044151,1.5155644370746373
-42.87575277388338,13.51135819203435,0.4882117688026185,1.5710051907226115
-42.81325277388338,13.44885819203435,0.5307764064044151,1.5155644370746373
-42.81325277388338,13.01135819203435,0.4882117688026185,1.5775962673243327
-42.75075277388338,12.94885819203435,0.5307764064044151,1.5242668425877057
-42.75075277388338,12.26135819203435,0.5307764064044151,1.5155644370746373
-42.81325277388338,12.19885819203435,0.4882117688026185,1.5710051907226115
-42.81325277388338,12.01135819203435,0.5307764064044151,1.5194368026754388
-42.87575277388338,11.94885819203435,0.4882117688026185,1.5558605254248157
-42.87575277388338,11.82385819203435,0.534559084827928,1.5126552735130772
-42.93825277388338,11.76135819203435,0.5077822185373186,1.543472840533977
-42.93825277388338,11.69885819203435,0.534559084827928,1.5194368026754388
-43.00075277388338,11.63635819203435,0.5077822185373186,1.5501524333570909
-43.00075277388338,11.57385819203435,0.5402073110683274,1.5126552735130772
-43.68825277388338,10.88635819203435,0.5402073110683274,1.5126552735130772
-43.75075277388338,10.88635819203435,0.5077822185373186,1.543472840533977
-43.81325277388338,10.82385819203435,0.534559084827928,1.5126552735130772
-43.93825277388338,10.82385819203435,0.4882117688026185,1.5558605254248157
-44.00075277388338,10.76135819203435,0.5307764064044151,1.5194368026754388
-44.12575277388338,10.76135819203435,0.4882117688026185,1.569118169655856
-44.18825277388338,10.69885819203435,0.5307764064044151,1.5358121843627912
-44.25075277388338,10.69885819203435,0.5097184013377194,1.5558605254248157
-44.31325277388338,10.63635819203435,0.5476909133900132,1.5175015489461217
-44.43825277388338,10.63635819203435,0.5097184013377194,1.5558605254248157
-44.50075277388338,10.57385819203435,0.5476909133900132,1.5175015489461217
-44.62575277388338,10.57385819203435,0.5097184013377194,1.5472924192698998
-44.68825277388338,10.51135819203435,0.5476909133900132,1.5009763241977652
-44.87575277388338,10.51135819203435,0.4882117688026185,1.5558605254248157
-44.93825277388338,10.44885819203435,0.5307764064044151,1.5175015489461217
-45.18825277388338,10.44885819203435,0.4882117688026185,1.5775962673243327
-45.25075277388338,10.38635819203435,0.5307764064044151,1.5242668425877057
-45.43825277388338,10.38635819203435,0.4882117688026185,1.5615528128088303
-45.50075277388338,10.32385819203435,0.5307764064044151,1.5175015489461217
-45.75075277388338,10.32385819203435,0.4882117688026185,1.5710051907226115
-45.81325277388338,10.26135819203435,0.5307764064044151,1.5155644370746373
-46.18825277388338,10.26135819203435,0.4882117688026185,1.5775962673243327
-46.25075277388338,10.19885819203435,0.5307764064044151,1.5242668425877057
-46.68825277388338,10.19885819203435,0.4882117688026185,1.5775962673243327
-46.75075277388338,10.13635819203435,0.5307764064044151,1.5242668425877057
-47.06325277388338,10.13635819203435,0.4882117688026185,1.5710051907226115
-47.12575277388338,10.07385819203435,0.5307764064044151,1.5155644370746373
-47.43825277388338,10.07385819203435,0.4882117688026185,1.5710051907226115
-47.50075277388338,10.01135819203435,0.5307764064044151,1.5155644370746373
-47.75075277388338,10.01135819203435,0.4882117688026185,1.5615528128088303
-47.81325277388338,9.94885819203435,0.5307764064044151,1.5155644370746373
-48.06325277388338,9.94885819203435,0.4882117688026185,1.5615528128088303
-48.12575277388338,9.88635819203435,0.5307764064044151,1.5155644370746373
-48.37575277388338,9.88635819203435,0.4882117688026185,1.5615528128088303
-48.43825277388338,9.82385819203435,0.5307764064044151,1.5175015489461217
-48.68825277388338,9.82385819203435,0.4882117688026185,1.5775962673243327
-48.75075277388338,9.76135819203435,0.5307764064044151,1.5242668425877057
-48.93825277388338,9.76135819203435,0.4882117688026185,1.5615528128088303
-49.00075277388338,9.69885819203435,0.5307764064044151,1.5175015489461217
-49.18825277388338,9.69885819203435,0.4882117688026185,1.5615528128088303
-49.25075277388338,9.63635819203435,0.5307764064044151,1.5175015489461217
-49.43825277388338,9.63635819203435,0.4882117688026185,1.5615528128088303
-49.50075277388338,9.57385819203435,0.5307764064044151,1.5175015489461217
-49.68825277388338,9.57385819203435,0.4882117688026185,1.5615528128088303
-49.75075277388338,9.51135819203435,0.5307764064044151,1.5175015489461217
-49.93825277388338,9.51135819203435,0.4882117688026185,1.5615528128088303
-50.00075277388338,9.44885819203435,0.5307764064044151,1.5175015489461217
-50.18825277388338,9.44885819203435,0.4882117688026185,1.5615528128088303
-50.25075277388338,9.38635819203435,0.5307764064044151,1.5175015489461217
-50.43825277388338,9.38635819203435,0.4882117688026185,1.5615528128088303
-50.50075277388338,9.32385819203435,0.5307764064044151,1.5175015489461217
-50.68825277388338,9.32385819203435,0.4882117688026185,1.5615528128088303
-50.75075277388338,9.26135819203435,0.5307764064044151,1.5175015489461217
-50.87575277388338,9.26135819203435,0.5077822185373186,1.5472924192698998
-50.93825277388338,9.19885819203435,0.5476909133900132,1.5009763241977652
-51.12575277388338,9.19885819203435,0.4882117688026185,1.5558605254248157
-51.18825277388338,9.13635819203435,0.5307764064044151,1.5175015489461217
-51.37575277388338,9.13635819203435,0.4882117688026185,1.5615528128088303
-51.43825277388338,9.07385819203435,0.5307764064044151,1.5175015489461217
-51.56325277388338,9.07385819203435,0.5077822185373186,1.5558605254248157
-51.62575277388338,9.01135819203435,0.5476909133900132,1.5175015489461217
-51.81325277388338,9.01135819203435,0.4882117688026185,1.5615528128088303
-51.87575277388338,8.94885819203435,0.5307764064044151,1.5175015489461217
-52.00075277388338,8.94885819203435,0.5077822185373186,1.5472924192698998
-52.06325277388338,8.88635819203435,0.5476909133900132,1.5009763241977652
-52.25075277388338,8.88635819203435,0.4882117688026185,1.5558605254248157
-52.31325277388338,8.82385819203435,0.5307764064044151,1.5175015489461217
-52.43825277388338,8.82385819203435,0.5077822185373186,1.5472924192698998
-52.50075277388338,8.76135819203435,0.5476909133900132,1.5009763241977652
-52.68825277388338,8.76135819203435,0.4882117688026185,1.5558605254248157
-52.75075277388338,8.69885819203435,0.5307764064044151,1.5175015489461217
-52.87575277388338,8.69885819203435,0.5077822185373186,1.5472924192698998
-52.93825277388338,8.63635819203435,0.5476909133900132,1.5009763241977652
-53.12575277388338,8.63635819203435,0.4882117688026185,1.5558605254248157
-53.18825277388338,8.57385819203435,0.5307764064044151,1.5175015489461217
-53.31325277388338,8.57385819203435,0.5077822185373186,1.5558605254248157
-53.37575277388338,8.51135819203435,0.5476909133900132,1.5175015489461217
-53.56325277388338,8.51135819203435,0.4882117688026185,1.5615528128088303
-53.62575277388338,8.44885819203435,0.5307764064044151,1.5175015489461217
-53.75075277388338,8.44885819203435,0.5077822185373186,1.5558605254248157
-53.81325277388338,8.38635819203435,0.5476909133900132,1.5175015489461217
-53.93825277388338,8.38635819203435,0.5097184013377194,1.5472924192698998
-54.00075277388338,8.32385819203435,0.5476909133900132,1.5009763241977652
-54.18825277388338,8.32385819203435,0.4882117688026185,1.5558605254248157
-54.25075277388338,8.26135819203435,0.5307764064044151,1.5175015489461217
-54.37575277388338,8.26135819203435,0.5077822185373186,1.5558605254248157
-54.43825277388338,8.19885819203435,0.5476909133900132,1.5175015489461217
-54.56325277388338,8.19885819203435,0.5097184013377194,1.5472924192698998
-54.62575277388338,8.13635819203435,0.5476909133900132,1.5009763241977652
-54.81325277388338,8.13635819203435,0.4882117688026185,1.5558605254248157
-54.87575277388338,8.07385819203435,0.5307764064044151,1.5175015489461217
-55.00075277388338,8.07385819203435,0.4882117688026185,1.5558605254248157
-55.06325277388338,8.01135819203435,0.5307764064044151,1.5175015489461217
-55.18825277388338,8.01135819203435,0.5077822185373186,1.5558605254248157
-55.25075277388338,7.948858192034351,0.5476909133900132,1.5175015489461217
-55.37575277388338,7.948858192034351,0.5097184013377194,1.5558605254248157
-55.43825277388338,7.886358192034351,0.5476909133900132,1.5175015489461217
-55.56325277388338,7.886358192034351,0.5097184013377194,1.5472924192698998
-55.62575277388338,7.823858192034351,0.5476909133900132,1.5009763241977652
-55.81325277388338,7.823858192034351,0.4882117688026185,1.5558605254248157
-55.87575277388338,7.761358192034351,0.5307764064044151,1.5175015489461217
-56.00075277388338,7.761358192034351,0.5077822185373186,1.5558605254248157
-56.06325277388338,7.698858192034351,0.534559084827928,1.5194368026754388
-56.18825277388338,7.698858192034351,0.4882117688026185,1.569118169655856
-56.25075277388338,7.636358192034351,0.5250762166785454,1.5406034646643136
-56.31325277388338,7.636358192034351,0.4882117688026185,1.569118169655856
-56.43825277388338,7.511358192034351,0.534559084827928,1.5126552735130772
-56.50075277388338,7.511358192034351,0.5077822185373186,1.5406034646643136
-56.56325277388338,7.448858192034351,0.534559084827928,1.5126552735130772
-56.62575277388338,7.448858192034351,0.5077822185373186,1.5406034646643136
-56.68825277388338,7.386358192034351,0.534559084827928,1.5155644370746373
-56.75075277388338,7.386358192034351,0.5077822185373186,1.5472924192698998
-56.87575277388338,7.261358192034351,0.5402073110683274,1.5126552735130772
-56.93825277388338,7.261358192034351,0.5077822185373186,1.5501524333570909
-57.12575277388338,7.073858192034351,0.5402073110683274,1.5126552735130772
-57.18825277388338,7.073858192034351,0.5077822185373186,1.5501524333570909
-57.37575277388338,6.886358192034351,0.5402073110683274,1.5329319959113241
-57.43825277388338,6.886358192034351,0.5077822185373186,1.5771261697354833
-58.18825277388338,6.136358192034351,0.5077822185373186,1.5634467524023972
-58.18825277388338,6.073858192034351,0.5402073110683274,1.528122592448494
-58.50075277388338,5.761358192034351,0.5077822185373186,1.5501524333570909
-58.50075277388338,5.698858192034351,0.5402073110683274,1.5126552735130772
-58.68825277388338,5.511358192034351,0.5077822185373186,1.5501524333570909
-58.68825277388338,5.448858192034351,0.5402073110683274,1.5126552735130772
-58.87575277388338,5.261358192034351,0.5077822185373186,1.5501524333570909
-58.87575277388338,5.198858192034351,0.5402073110683274,1.5126552735130772
-59.00075277388338,5.073858192034351,0.5077822185373186,1.5472924192698998
-59.00075277388338,5.011358192034351,0.5402073110683274,1.5126552735130772
-59.12575277388338,4.886358192034351,0.5077822185373186,1.5472924192698998
-59.12575277388338,4.823858192034351,0.5402073110683274,1.5126552735130772
-59.25075277388338,4.698858192034351,0.5077822185373186,1.5472924192698998
-59.25075277388338,4.636358192034351,0.534559084827928,1.5155644370746373
-59.37575277388338,4.511358192034351,0.4882117688026185,1.5634467524023972
-59.37575277388338,4.448858192034351,0.5250762166785454,1.528122592448494
-59.43825277388338,4.386358192034351,0.5077822185373186,1.5472924192698998
-59.43825277388338,4.323858192034351,0.534559084827928,1.5155644370746373
-59.56325277388338,4.198858192034351,0.4882117688026185,1.569118169655856
-59.56325277388338,4.136358192034351,0.5250762166785454,1.5406034646643136
-59.62575277388338,4.073858192034351,0.5077822185373186,1.5634467524023972
-59.62575277388338,4.011358192034351,0.534559084827928,1.528122592448494
-59.68825277388338,3.9488581920343506,0.5077822185373186,1.5472924192698998
-59.68825277388338,3.8863581920343506,0.534559084827928,1.5155644370746373
-59.75075277388338,3.8238581920343506,0.5077822185373186,1.5406034646643136
-59.75075277388338,3.7613581920343506,0.534559084827928,1.5126552735130772
-59.81325277388338,3.6988581920343506,0.5077822185373186,1.5406034646643136
-59.81325277388338,3.6363581920343506,0.534559084827928,1.5126552735130772
-59.93825277388338,3.5113581920343506,0.4882117688026185,1.569118169655856
-59.93825277388338,3.4488581920343506,0.5250762166785454,1.5406034646643136
-60.00075277388338,3.3863581920343506,0.4882117688026185,1.569118169655856
-60.00075277388338,3.2613581920343506,0.534559084827928,1.5126552735130772
-60.06325277388338,3.1988581920343506,0.5077822185373186,1.5406034646643136
-60.06325277388338,3.1363581920343506,0.534559084827928,1.5126552735130772
-60.12575277388338,3.0738581920343506,0.5077822185373186,1.5406034646643136
-60.12575277388338,3.0113581920343506,0.534559084827928,1.5126552735130772
-60.18825277388338,2.9488581920343506,0.5077822185373186,1.5406034646643136
-60.18825277388338,2.8863581920343506,0.534559084827928,1.5126552735130772
-60.25075277388338,2.8238581920343506,0.5077822185373186,1.5406034646643136
-60.25075277388338,2.7613581920343506,0.534559084827928,1.5126552735130772
-60.31325277388338,2.6988581920343506,0.5077822185373186,1.543472840533977
-60.31325277388338,2.6363581920343506,0.534559084827928,1.5194368026754388
-60.37575277388338,2.5738581920343506,0.5077822185373186,1.5558605254248157
-60.37575277388338,2.5113581920343506,0.5307764064044151,1.5358121843627912
-60.43825277388338,2.4488581920343506,0.4882117688026185,1.569118169655856
-60.43825277388338,2.3238581920343506,0.534559084827928,1.5126552735130772
-60.50075277388338,2.2613581920343506,0.5077822185373186,1.543472840533977
-60.50075277388338,2.1988581920343506,0.534559084827928,1.5194368026754388
-60.56325277388338,2.1363581920343506,0.5077822185373186,1.5558605254248157
-60.56325277388338,2.0738581920343506,0.5307764064044151,1.5358121843627912
-60.62575277388338,2.0113581920343506,0.4882117688026185,1.569118169655856
-60.62575277388338,1.8863581920343506,0.534559084827928,1.5194368026754388
-60.68825277388338,1.8238581920343506,0.5077822185373186,1.5558605254248157
-60.68825277388338,1.7613581920343506,0.5307764064044151,1.5358121843627912
-60.75075277388338,1.6988581920343506,0.4882117688026185,1.569118169655856
-60.75075277388338,1.5738581920343506,0.534559084827928,1.5194368026754388
-60.81325277388338,1.5113581920343506,0.5077822185373186,1.5558605254248157
-60.81325277388338,1.4488581920343506,0.5307764064044151,1.5358121843627912
-60.87575277388338,1.3863581920343506,0.4882117688026185,1.569118169655856
-60.87575277388338,1.2613581920343506,0.5307764064044151,1.5194368026754388
-60.93825277388338,1.1988581920343506,0.4882117688026185,1.5558605254248157
-60.93825277388338,1.0738581920343506,0.5307764064044151,1.5175015489461217
-61.00075277388338,1.0113581920343506,0.4882117688026185,1.5558605254248157
-61.00075277388338,0.8863581920343506,0.534559084827928,1.5175015489461217
-61.06325277388338,0.8238581920343506,0.5077822185373186,1.5558605254248157
-61.06325277388338,0.6988581920343506,0.5476909133900132,1.5175015489461217
-61.12575277388338,0.6363581920343506,0.5097184013377194,1.5558605254248157
-61.12575277388338,0.5113581920343506,0.5476909133900132,1.5175015489461217
-61.18825277388338,0.4488581920343506,0.5077822185373186,1.5558605254248157
-61.18825277388338,0.3238581920343506,0.5307764064044151,1.5175015489461217
-61.25075277388338,0.2613581920343506,0.4882117688026185,1.5558605254248157
-61.25075277388338,0.07385819203435062,0.5476909133900132,1.5009763241977652
-61.31325277388338,0.011358192034350623,0.5097184013377194,1.5472924192698998
-61.31325277388338,-0.11364180796564938,0.5476909133900132,1.5175015489461217
-61.37575277388338,-0.17614180796564938,0.5077822185373186,1.5615528128088303
-61.37575277388338,-0.3636418079656494,0.5476909133900132,1.5242668425877057
-61.43825277388338,-0.4261418079656494,0.5077822185373186,1.5775962673243327
-61.43825277388338,-0.6136418079656494,0.5476909133900132,1.5634467524023972
-61.50075277388338,-0.6761418079656494,0.5,1.625
-61.50075277388338,-1.1136418079656494,0.5,1.625
-61.43825277388338,-1.1761418079656494,0.5476909133900132,1.5625
-61.43825277388338,-1.4261418079656494,0.4882117688026185,1.5775962673243327
-61.37575277388338,-1.4886418079656494,0.5307764064044151,1.5242668425877057
-61.37575277388338,-1.6761418079656494,0.4882117688026185,1.5615528128088303
-61.31325277388338,-1.7386418079656494,0.5307764064044151,1.5175015489461217
-61.31325277388338,-1.8636418079656494,0.5077822185373186,1.5558605254248157
-61.25075277388338,-1.9261418079656494,0.5476909133900132,1.5175015489461217
-61.25075277388338,-2.0511418079656494,0.5077822185373186,1.5558605254248157
-61.18825277388338,-2.1136418079656494,0.534559084827928,1.5194368026754388
-61.18825277388338,-2.1761418079656494,0.5077822185373186,1.543472840533977
-61.12575277388338,-2.2386418079656494,0.534559084827928,1.5126552735130772
-61.12575277388338,-2.3011418079656494,0.5077822185373186,1.5406034646643136
-61.06325277388338,-2.3636418079656494,0.534559084827928,1.5126552735130772
-61.06325277388338,-2.4261418079656494,0.5077822185373186,1.5406034646643136
-61.00075277388338,-2.4886418079656494,0.534559084827928,1.5155644370746373
-61.00075277388338,-2.5511418079656494,0.5077822185373186,1.5472924192698998
-60.93825277388338,-2.6136418079656494,0.534559084827928,1.528122592448494
-60.93825277388338,-2.6761418079656494,0.5077822185373186,1.5634467524023972
-60.75075277388338,-2.8636418079656494,0.5402073110683274,1.5126552735130772
-60.75075277388338,-2.9261418079656494,0.5077822185373186,1.5501524333570909
-60.50075277388338,-3.1761418079656494,0.5402073110683274,1.5329319959113241
-60.50075277388338,-3.2386418079656494,0.5077822185373186,1.5771261697354833
-60.00075277388338,-3.7386418079656494,0.5077822185373186,1.5771261697354833
-59.93825277388338,-3.7386418079656494,0.5402073110683274,1.5329319959113241
-59.75075277388338,-3.9261418079656494,0.5077822185373186,1.5501524333570909
-59.68825277388338,-3.9261418079656494,0.5402073110683274,1.5126552735130772
-59.56325277388338,-4.051141807965649,0.5077822185373186,1.5472924192698998
-59.50075277388338,-4.051141807965649,0.5402073110683274,1.5126552735130772
-59.31325277388338,-4.238641807965649,0.5077822185373186,1.5634467524023972
-59.25075277388338,-4.238641807965649,0.534559084827928,1.528122592448494
-59.18825277388338,-4.301141807965649,0.5077822185373186,1.5472924192698998
-59.12575277388338,-4.301141807965649,0.5402073110683274,1.5155644370746373
-59.00075277388338,-4.426141807965649,0.5077822185373186,1.5634467524023972
-58.93825277388338,-4.426141807965649,0.534559084827928,1.528122592448494
-58.87575277388338,-4.488641807965649,0.5077822185373186,1.5472924192698998
-58.81325277388338,-4.488641807965649,0.534559084827928,1.5155644370746373
-58.75075277388338,-4.551141807965649,0.5077822185373186,1.5406034646643136
-58.68825277388338,-4.551141807965649,0.534559084827928,1.5126552735130772
-58.62575277388338,-4.613641807965649,0.5077822185373186,1.5406034646643136
-58.56325277388338,-4.613641807965649,0.534559084827928,1.5126552735130772
-58.50075277388338,-4.676141807965649,0.5077822185373186,1.5406034646643136
-58.43825277388338,-4.676141807965649,0.534559084827928,1.5126552735130772
-58.37575277388338,-4.738641807965649,0.5077822185373186,1.5406034646643136
-58.31325277388338,-4.738641807965649,0.534559084827928,1.5126552735130772
-58.25075277388338,-4.801141807965649,0.5077822185373186,1.543472840533977
-58.18825277388338,-4.801141807965649,0.534559084827928,1.5194368026754388
-58.12575277388338,-4.863641807965649,0.5077822185373186,1.5558605254248157
-58.06325277388338,-4.863641807965649,0.5307764064044151,1.5358121843627912
-58.00075277388338,-4.926141807965649,0.4882117688026185,1.569118169655856
-57.87575277388338,-4.926141807965649,0.534559084827928,1.5126552735130772
-57.81325277388338,-4.988641807965649,0.5077822185373186,1.543472840533977
-57.75075277388338,-4.988641807965649,0.5307764064044151,1.5194368026754388
-57.68825277388338,-5.051141807965649,0.4882117688026185,1.5558605254248157
-57.56325277388338,-5.051141807965649,0.534559084827928,1.5175015489461217
-57.50075277388338,-5.113641807965649,0.5077822185373186,1.5558605254248157
-57.37575277388338,-5.113641807965649,0.5476909133900132,1.5175015489461217
-57.31325277388338,-5.176141807965649,0.5097184013377194,1.5558605254248157
-57.18825277388338,-5.176141807965649,0.5476909133900132,1.5175015489461217
-57.12575277388338,-5.238641807965649,0.5077822185373186,1.5558605254248157
-57.00075277388338,-5.238641807965649,0.5307764064044151,1.5175015489461217
-56.93825277388338,-5.301141807965649,0.4882117688026185,1.5558605254248157
-56.81325277388338,-5.301141807965649,0.5307764064044151,1.5175015489461217
-56.75075277388338,-5.363641807965649,0.4882117688026185,1.5558605254248157
-56.56325277388338,-5.363641807965649,0.5476909133900132,1.5009763241977652
-56.50075277388338,-5.426141807965649,0.5077822185373186,1.5472924192698998
-56.31325277388338,-5.426141807965649,0.5476909133900132,1.5009763241977652
-56.25075277388338,-5.488641807965649,0.5077822185373186,1.5472924192698998
-56.06325277388338,-5.488641807965649,0.5476909133900132,1.5009763241977652
-56.00075277388338,-5.551141807965649,0.5077822185373186,1.5472924192698998
-55.75075277388338,-5.551141807965649,0.5643366478704002,1.5009763241977652
-55.68825277388338,-5.613641807965649,0.5077822185373186,1.5472924192698998
-55.43825277388338,-5.613641807965649,0.5643366478704002,1.5009763241977652
-55.37575277388338,-5.676141807965649,0.5077822185373186,1.5472924192698998
-55.06325277388338,-5.676141807965649,0.5643366478704002,1.5009763241977652
-55.00075277388338,-5.738641807965649,0.5077822185373186,1.5472924192698998
-54.62575277388338,-5.738641807965649,0.5643366478704002,1.5009763241977652
-54.56325277388338,-5.801141807965649,0.5077822185373186,1.5472924192698998
-54.06325277388338,-5.801141807965649,0.5643366478704002,1.5
-54.00075277388338,-5.863641807965649,0.5077822185373186,1.5472924192698998
-53.18825277388338,-5.863641807965649,0.5789172813520043,1.5
-53.12575277388338,-5.926141807965649,0.5307764064044151,1.5625
-49.25075277388338,-5.926141807965649,0.5307764064044151,1.5625
-49.18825277388338,-5.863641807965649,0.5789172813520043,1.5
-48.00075277388338,-5.863641807965649,0.5174262872562316,1.5615528128088303
-47.93825277388338,-5.801141807965649,0.5698276730389806,1.5
-47.06325277388338,-5.801141807965649,0.5174262872562316,1.5615528128088303
-47.00075277388338,-5.738641807965649,0.5698276730389806,1.5
-46.06325277388338,-5.738641807965649,0.5174262872562316,1.5615528128088303
-46.00075277388338,-5.676141807965649,0.5698276730389806,1.5
-45.00075277388338,-5.676141807965649,0.5174262872562316,1.5625
-44.93825277388338,-5.613641807965649,0.5698276730389806,1.5
-43.81325277388338,-5.613641807965649,0.5307764064044151,1.5625
-43.75075277388338,-5.551141807965649,0.5789172813520043,1.5
-43.12575277388338,-5.551141807965649,0.5643366478704002,1.5
-43.06325277388338,-5.613641807965649,0.5077822185373186,1.5472924192698998
-42.81325277388338,-5.613641807965649,0.5680004681646913,1.5009763241977652
-42.75075277388338,-5.676141807965649,0.5174262872562316,1.5472924192698998
-42.68825277388338,-5.676141807965649,0.5307764064044151,1.5348525745124633
-42.62575277388338,-5.738641807965649,0.4882117688026185,1.5775962673243327
-42.50075277388338,-5.738641807965649,0.534559084827928,1.5155644370746373
-42.43825277388338,-5.801141807965649,0.5077822185373186,1.5406034646643136
-42.37575277388338,-5.801141807965649,0.534559084827928,1.5126552735130772
-42.31325277388338,-5.863641807965649,0.5077822185373186,1.5406034646643136
-42.25075277388338,-5.863641807965649,0.534559084827928,1.5126552735130772
-42.12575277388338,-5.988641807965649,0.4882117688026185,1.5634467524023972
-42.06325277388338,-5.988641807965649,0.5250762166785454,1.528122592448494
-41.56325277388338,-6.488641807965649,0.5402073110683274,1.5126552735130772
-41.56325277388338,-6.551141807965649,0.5077822185373186,1.5472924192698998
-41.43825277388338,-6.676141807965649,0.5250762166785454,1.5126552735130772
-41.43825277388338,-6.738641807965649,0.4882117688026185,1.5501524333570909
-41.31325277388338,-6.863641807965649,0.534559084827928,1.5126552735130772
-41.31325277388338,-6.926141807965649,0.5077822185373186,1.5406034646643136
-41.25075277388338,-6.988641807965649,0.534559084827928,1.5126552735130772
-41.25075277388338,-7.113641807965649,0.4882117688026185,1.569118169655856
-41.18825277388338,-7.176141807965649,0.5307764064044151,1.5406034646643136
-41.18825277388338,-7.238641807965649,0.5077822185373186,1.569118169655856
-41.12575277388338,-7.301141807965649,0.534559084827928,1.5358121843627912
-41.12575277388338,-7.363641807965649,0.5097184013377194,1.5558605254248157
-41.06325277388338,-7.426141807965649,0.5476909133900132,1.5175015489461217
-41.06325277388338,-7.551141807965649,0.5097184013377194,1.5558605254248157
-41.00075277388338,-7.613641807965649,0.5476909133900132,1.5175015489461217
-41.00075277388338,-7.738641807965649,0.5097184013377194,1.5558605254248157
-40.93825277388338,-7.801141807965649,0.5476909133900132,1.5175015489461217
-40.93825277388338,-7.926141807965649,0.5097184013377194,1.5558605254248157
-40.87575277388338,-7.988641807965649,0.5476909133900132,1.5175015489461217
-40.87575277388338,-8.11364180796565,0.5077822185373186,1.5558605254248157
-40.81325277388338,-8.17614180796565,0.534559084827928,1.5175015489461217
-40.81325277388338,-8.30114180796565,0.4882117688026185,1.5558605254248157
-40.75075277388338,-8.36364180796565,0.5307764064044151,1.5194368026754388
-40.75075277388338,-8.48864180796565,0.4882117688026185,1.569118169655856
-40.68825277388338,-8.55114180796565,0.5307764064044151,1.5358121843627912
-40.68825277388338,-8.61364180796565,0.5077822185373186,1.5558605254248157
-40.62575277388338,-8.67614180796565,0.534559084827928,1.5194368026754388
-40.62575277388338,-8.73864180796565,0.5077822185373186,1.543472840533977
-40.56325277388338,-8.80114180796565,0.534559084827928,1.5126552735130772
-40.56325277388338,-8.86364180796565,0.5077822185373186,1.5406034646643136
-40.50075277388338,-8.92614180796565,0.534559084827928,1.5126552735130772
-40.50075277388338,-9.05114180796565,0.4882117688026185,1.569118169655856
-40.43825277388338,-9.11364180796565,0.5307764064044151,1.5406034646643136
-40.43825277388338,-9.17614180796565,0.5077822185373186,1.569118169655856
-40.37575277388338,-9.23864180796565,0.534559084827928,1.5406034646643136
-40.37575277388338,-9.30114180796565,0.5077822185373186,1.569118169655856
-40.31325277388338,-9.36364180796565,0.534559084827928,1.5406034646643136
-40.31325277388338,-9.42614180796565,0.5077822185373186,1.569118169655856
-40.25075277388338,-9.48864180796565,0.534559084827928,1.5406034646643136
-40.25075277388338,-9.55114180796565,0.5077822185373186,1.569118169655856
-40.18825277388338,-9.61364180796565,0.534559084827928,1.5406034646643136
-40.18825277388338,-9.67614180796565,0.5077822185373186,1.569118169655856
-40.12575277388338,-9.73864180796565,0.5250762166785454,1.5406034646643136
-40.12575277388338,-9.80114180796565,0.4882117688026185,1.569118169655856
-40.00075277388338,-9.92614180796565,0.534559084827928,1.5126552735130772
-40.00075277388338,-9.98864180796565,0.5077822185373186,1.5406034646643136
-39.93825277388338,-10.05114180796565,0.534559084827928,1.5155644370746373
-39.93825277388338,-10.11364180796565,0.5077822185373186,1.5472924192698998
-39.87575277388338,-10.17614180796565,0.5250762166785454,1.528122592448494
-39.87575277388338,-10.23864180796565,0.4882117688026185,1.5634467524023972
-39.75075277388338,-10.36364180796565,0.534559084827928,1.5155644370746373
-39.75075277388338,-10.42614180796565,0.5077822185373186,1.5472924192698998
-39.62575277388338,-10.55114180796565,0.5402073110683274,1.5126552735130772
-39.62575277388338,-10.61364180796565,0.5077822185373186,1.5472924192698998
-39.50075277388338,-10.73864180796565,0.5402073110683274,1.5126552735130772
-39.50075277388338,-10.80114180796565,0.5077822185373186,1.5472924192698998
-39.37575277388338,-10.92614180796565,0.5402073110683274,1.5126552735130772
-39.37575277388338,-10.98864180796565,0.5077822185373186,1.5472924192698998
-39.25075277388338,-11.11364180796565,0.5402073110683274,1.5126552735130772
-39.25075277388338,-11.17614180796565,0.5077822185373186,1.5501524333570909
-39.06325277388338,-11.36364180796565,0.5402073110683274,1.5126552735130772
-39.06325277388338,-11.42614180796565,0.5077822185373186,1.5501524333570909
-38.87575277388338,-11.61364180796565,0.5402073110683274,1.5126552735130772
-38.87575277388338,-11.67614180796565,0.5077822185373186,1.5501524333570909
-38.68825277388338,-11.86364180796565,0.5250762166785454,1.5126552735130772
-38.68825277388338,-11.92614180796565,0.4882117688026185,1.5501524333570909
-38.37575277388338,-12.23864180796565,0.5402073110683274,1.528122592448494
-38.37575277388338,-12.30114180796565,0.5077822185373186,1.5634467524023972
-37.87575277388338,-12.80114180796565,0.5402073110683274,1.5329319959113241
-37.87575277388338,-12.86364180796565,0.5077822185373186,1.5771261697354833
-37.62575277388338,-13.11364180796565,0.5077822185373186,1.5771261697354833
-37.56325277388338,-13.11364180796565,0.5402073110683274,1.5329319959113241
-37.37575277388338,-13.30114180796565,0.5077822185373186,1.5501524333570909
-37.31325277388338,-13.30114180796565,0.5402073110683274,1.5126552735130772
-37.18825277388338,-13.42614180796565,0.5077822185373186,1.5472924192698998
-37.12575277388338,-13.42614180796565,0.534559084827928,1.5155644370746373
-37.00075277388338,-13.55114180796565,0.4882117688026185,1.569118169655856
-36.93825277388338,-13.55114180796565,0.5250762166785454,1.5406034646643136
-36.87575277388338,-13.61364180796565,0.5077822185373186,1.569118169655856
-36.81325277388338,-13.61364180796565,0.534559084827928,1.5406034646643136
-36.75075277388338,-13.67614180796565,0.5077822185373186,1.569118169655856
-36.68825277388338,-13.67614180796565,0.5307764064044151,1.5406034646643136
-36.62575277388338,-13.73864180796565,0.4882117688026185,1.569118169655856
-36.50075277388338,-13.73864180796565,0.5307764064044151,1.5194368026754388
-36.43825277388338,-13.80114180796565,0.4882117688026185,1.5558605254248157
-36.31325277388338,-13.80114180796565,0.5307764064044151,1.5175015489461217
-36.25075277388338,-13.86364180796565,0.4882117688026185,1.5558605254248157
-36.06325277388338,-13.86364180796565,0.5476909133900132,1.5009763241977652
-36.00075277388338,-13.92614180796565,0.5077822185373186,1.5472924192698998
-35.62575277388338,-13.92614180796565,0.5643366478704002,1.5009763241977652
-35.56325277388338,-13.98864180796565,0.5077822185373186,1.5472924192698998
-34.56325277388338,-13.98864180796565,0.5307764064044151,1.5625
-34.50075277388338,-13.92614180796565,0.5789172813520043,1.5
-34.06325277388338,-13.92614180796565,0.5077822185373186,1.5472924192698998
-34.00075277388338,-13.86364180796565,0.5643366478704002,1.5009763241977652
-33.75075277388338,-13.86364180796565,0.5077822185373186,1.5472924192698998
-33.68825277388338,-13.80114180796565,0.5476909133900132,1.5009763241977652
-33.50075277388338,-13.80114180796565,0.5077822185373186,1.5558605254248157
-33.43825277388338,-13.73864180796565,0.5476909133900132,1.5175015489461217
-33.31325277388338,-13.73864180796565,0.5097184013377194,1.5558605254248157
-33.25075277388338,-13.67614180796565,0.5476909133900132,1.5175015489461217
-33.12575277388338,-13.67614180796565,0.5097184013377194,1.5558605254248157
-33.06325277388338,-13.61364180796565,0.5476909133900132,1.5175015489461217
-32.93825277388338,-13.61364180796565,0.5077822185373186,1.5558605254248157
-32.87575277388338,-13.55114180796565,0.534559084827928,1.5194368026754388
-32.81325277388338,-13.55114180796565,0.5077822185373186,1.543472840533977
-32.75075277388338,-13.48864180796565,0.534559084827928,1.5126552735130772
-32.62575277388338,-13.48864180796565,0.4882117688026185,1.569118169655856
-32.56325277388338,-13.42614180796565,0.5307764064044151,1.5406034646643136
-32.50075277388338,-13.42614180796565,0.5077822185373186,1.569118169655856
-32.43825277388338,-13.36364180796565,0.534559084827928,1.5406034646643136
-32.37575277388338,-13.36364180796565,0.5077822185373186,1.569118169655856
-32.31325277388338,-13.30114180796565,0.534559084827928,1.5406034646643136
-32.25075277388338,-13.30114180796565,0.5077822185373186,1.569118169655856
-32.18825277388338,-13.23864180796565,0.5250762166785454,1.5406034646643136
-32.12575277388338,-13.23864180796565,0.4882117688026185,1.569118169655856
-32.00075277388338,-13.11364180796565,0.534559084827928,1.5126552735130772
-31.938252773883377,-13.11364180796565,0.5077822185373186,1.5406034646643136
-31.875752773883377,-13.05114180796565,0.534559084827928,1.5155644370746373
-31.813252773883377,-13.05114180796565,0.5077822185373186,1.5472924192698998
-31.688252773883377,-12.92614180796565,0.5402073110683274,1.5126552735130772
-31.625752773883377,-12.92614180796565,0.5077822185373186,1.5472924192698998
-31.500752773883377,-12.80114180796565,0.5402073110683274,1.5126552735130772
-31.438252773883377,-12.80114180796565,0.5077822185373186,1.5472924192698998
-31.313252773883377,-12.67614180796565,0.5402073110683274,1.5126552735130772
-31.250752773883377,-12.67614180796565,0.5077822185373186,1.5472924192698998
-31.125752773883377,-12.55114180796565,0.5402073110683274,1.5126552735130772
-31.063252773883377,-12.55114180796565,0.5077822185373186,1.5501524333570909
-30.875752773883377,-12.36364180796565,0.5250762166785454,1.5126552735130772
-30.813252773883377,-12.36364180796565,0.4882117688026185,1.5501524333570909
-30.500752773883377,-12.05114180796565,0.5402073110683274,1.5329319959113241
-30.438252773883377,-12.05114180796565,0.5077822185373186,1.5771261697354833
-29.500752773883377,-11.11364180796565,0.5077822185373186,1.5771261697354833
-29.500752773883377,-11.05114180796565,0.5402073110683274,1.5329319959113241
-29.188252773883377,-10.73864180796565,0.5077822185373186,1.5501524333570909
-29.188252773883377,-10.67614180796565,0.5402073110683274,1.5126552735130772
-29.063252773883377,-10.55114180796565,0.5077822185373186,1.5472924192698998
-29.063252773883377,-10.48864180796565,0.5402073110683274,1.5126552735130772
-28.938252773883377,-10.36364180796565,0.5077822185373186,1.5472924192698998
-28.938252773883377,-10.30114180796565,0.5402073110683274,1.5126552735130772
-28.813252773883377,-10.17614180796565,0.5077822185373186,1.5472924192698998
-28.813252773883377,-10.11364180796565,0.5402073110683274,1.5155644370746373
-28.688252773883377,-9.98864180796565,0.5077822185373186,1.569118169655856
-28.688252773883377,-9.92614180796565,0.534559084827928,1.5406034646643136
-28.625752773883377,-9.86364180796565,0.5077822185373186,1.569118169655856
-28.625752773883377,-9.80114180796565,0.534559084827928,1.5406034646643136
-28.563252773883377,-9.73864180796565,0.5077822185373186,1.569118169655856
-28.563252773883377,-9.67614180796565,0.534559084827928,1.5406034646643136
-28.500752773883377,-9.61364180796565,0.5077822185373186,1.569118169655856
-28.500752773883377,-9.55114180796565,0.534559084827928,1.5406034646643136
-28.438252773883377,-9.48864180796565,0.5077822185373186,1.569118169655856
-28.438252773883377,-9.42614180796565,0.5307764064044151,1.5406034646643136
-28.375752773883377,-9.36364180796565,0.4882117688026185,1.569118169655856
-28.375752773883377,-9.23864180796565,0.534559084827928,1.5126552735130772
-28.313252773883377,-9.17614180796565,0.5077822185373186,1.543472840533977
-28.313252773883377,-9.11364180796565,0.534559084827928,1.5194368026754388
-28.250752773883377,-9.05114180796565,0.5077822185373186,1.5558605254248157
-28.250752773883377,-8.98864180796565,0.5307764064044151,1.5358121843627912
-28.188252773883377,-8.92614180796565,0.4882117688026185,1.569118169655856
-28.188252773883377,-8.80114180796565,0.534559084827928,1.5194368026754388
-28.125752773883377,-8.73864180796565,0.5077822185373186,1.5558605254248157
-28.125752773883377,-8.61364180796565,0.5476909133900132,1.5175015489461217
-28.063252773883377,-8.55114180796565,0.5097184013377194,1.5558605254248157
-28.063252773883377,-8.42614180796565,0.5476909133900132,1.5175015489461217
-28.000752773883377,-8.36364180796565,0.5097184013377194,1.5558605254248157
-28.000752773883377,-8.23864180796565,0.5476909133900132,1.5175015489461217
-27.938252773883377,-8.17614180796565,0.5077822185373186,1.5558605254248157
-27.938252773883377,-7.988641807965649,0.5476909133900132,1.5009763241977652
-27.875752773883377,-7.926141807965649,0.5077822185373186,1.5472924192698998
-27.875752773883377,-7.738641807965649,0.5476909133900132,1.5009763241977652
-27.813252773883377,-7.676141807965649,0.5097184013377194,1.5472924192698998
-27.813252773883377,-7.488641807965649,0.5643366478704002,1.5009763241977652
-27.750752773883377,-7.426141807965649,0.5077822185373186,1.5472924192698998
-27.750752773883377,-7.176141807965649,0.5643366478704002,1.486281072758838
-27.688252773883377,-7.113641807965649,0.5077822185373186,1.5348525745124633
-27.688252773883377,-6.863641807965649,0.5643366478704002,1.486281072758838
-27.625752773883377,-6.801141807965649,0.5077822185373186,1.5348525745124633
-27.625752773883377,-6.488641807965649,0.5643366478704002,1.486281072758838
-27.563252773883377,-6.426141807965649,0.5077822185373186,1.5348525745124633
-27.563252773883377,-6.051141807965649,0.5643366478704002,1.5
-27.500752773883377,-5.988641807965649,0.5077822185373186,1.5472924192698998
-27.500752773883377,-5.301141807965649,0.5698276730389806,1.5
-27.438252773883377,-5.238641807965649,0.5174262872562316,1.5625
-27.438252773883377,-4.676141807965649,0.5698276730389806,1.5
-27.375752773883377,-4.613641807965649,0.5174262872562316,1.5558605254248157
-27.375752773883377,-4.488641807965649,0.5476909133900132,1.5175015489461217
-27.313252773883377,-4.426141807965649,0.5097184013377194,1.5558605254248157
-27.313252773883377,-4.301141807965649,0.5476909133900132,1.5175015489461217
-27.250752773883377,-4.238641807965649,0.5097184013377194,1.5558605254248157
-27.250752773883377,-4.176141807965649,0.534559084827928,1.5358121843627912
-27.188252773883377,-4.113641807965649,0.5077822185373186,1.5634467524023972
-27.188252773883377,-4.051141807965649,0.534559084827928,1.528122592448494
-27.125752773883377,-3.9886418079656494,0.5077822185373186,1.5472924192698998
-27.125752773883377,-3.9261418079656494,0.5402073110683274,1.5126552735130772
-26.563252773883377,-3.3636418079656494,0.5402073110683274,1.5329319959113241
-26.500752773883377,-3.3636418079656494,0.5077822185373186,1.569118169655856
-26.438252773883377,-3.3011418079656494,0.534559084827928,1.5406034646643136
-26.375752773883377,-3.3011418079656494,0.5077822185373186,1.569118169655856
-26.313252773883377,-3.2386418079656494,0.534559084827928,1.5406034646643136
-26.250752773883377,-3.2386418079656494,0.5077822185373186,1.569118169655856
-26.188252773883377,-3.1761418079656494,0.534559084827928,1.5406034646643136
-26.125752773883377,-3.1761418079656494,0.5077822185373186,1.569118169655856
-26.063252773883377,-3.1136418079656494,0.534559084827928,1.5348525745124633
-26.000752773883377,-3.1136418079656494,0.5097184013377194,1.5472924192698998
-25.938252773883377,-3.0511418079656494,0.5476909133900132,1.5009763241977652
-25.750752773883377,-3.0511418079656494,0.5077822185373186,1.5348525745124633
-25.688252773883377,-2.9886418079656494,0.5643366478704002,1.486281072758838
-25.438252773883377,-2.9886418079656494,0.5174262872562316,1.5472924192698998
-25.375752773883377,-2.9261418079656494,0.5698276730389806,1.5
-24.688252773883377,-2.9261418079656494,0.5643366478704002,1.5
-24.625752773883377,-2.9886418079656494,0.5077822185373186,1.5472924192698998
-24.188252773883377,-2.9886418079656494,0.5643366478704002,1.486281072758838
-24.125752773883377,-3.0511418079656494,0.5077822185373186,1.5348525745124633
-23.875752773883377,-3.0511418079656494,0.5643366478704002,1.5009763241977652
-23.813252773883377,-3.1136418079656494,0.5077822185373186,1.5472924192698998
-23.500752773883377,-3.1136418079656494,0.5643366478704002,1.486281072758838
-23.438252773883377,-3.1761418079656494,0.5077822185373186,1.5348525745124633
-23.188252773883377,-3.1761418079656494,0.5643366478704002,1.5009763241977652
-23.125752773883377,-3.2386418079656494,0.5077822185373186,1.5472924192698998
-22.813252773883377,-3.2386418079656494,0.5643366478704002,1.486281072758838
-22.750752773883377,-3.3011418079656494,0.5077822185373186,1.5348525745124633
-22.500752773883377,-3.3011418079656494,0.5643366478704002,1.5009763241977652
-22.438252773883377,-3.3636418079656494,0.5077822185373186,1.5472924192698998
-22.125752773883377,-3.3636418079656494,0.5643366478704002,1.486281072758838
-22.063252773883377,-3.4261418079656494,0.5077822185373186,1.5348525745124633
-21.813252773883377,-3.4261418079656494,0.5643366478704002,1.5009763241977652
-21.750752773883377,-3.4886418079656494,0.5077822185373186,1.5472924192698998
-21.438252773883377,-3.4886418079656494,0.5643366478704002,1.486281072758838
-21.375752773883377,-3.5511418079656494,0.5077822185373186,1.5348525745124633
-21.125752773883377,-3.5511418079656494,0.5643366478704002,1.5009763241977652
-21.063252773883377,-3.6136418079656494,0.5077822185373186,1.5472924192698998
-20.750752773883377,-3.6136418079656494,0.5643366478704002,1.486281072758838
-20.688252773883377,-3.6761418079656494,0.5077822185373186,1.5348525745124633
-20.438252773883377,-3.6761418079656494,0.5643366478704002,1.5009763241977652
-20.375752773883377,-3.7386418079656494,0.5077822185373186,1.5472924192698998
-20.063252773883377,-3.7386418079656494,0.5643366478704002,1.486281072758838
-20.000752773883377,-3.8011418079656494,0.5077822185373186,1.5348525745124633
-19.750752773883377,-3.8011418079656494,0.5643366478704002,1.5009763241977652
-19.688252773883377,-3.8636418079656494,0.5077822185373186,1.5472924192698998
-19.375752773883377,-3.8636418079656494,0.5643366478704002,1.486281072758838
-19.313252773883377,-3.9261418079656494,0.5077822185373186,1.5348525745124633
-19.063252773883377,-3.9261418079656494,0.5643366478704002,1.5009763241977652
-19.000752773883377,-3.9886418079656494,0.5077822185373186,1.5472924192698998
-18.688252773883377,-3.9886418079656494,0.5643366478704002,1.486281072758838
-18.625752773883377,-4.051141807965649,0.5077822185373186,1.5348525745124633
-18.375752773883377,-4.051141807965649,0.5643366478704002,1.5009763241977652
-18.313252773883377,-4.113641807965649,0.5077822185373186,1.5472924192698998
-18.000752773883377,-4.113641807965649,0.5643366478704002,1.486281072758838
-17.938252773883377,-4.176141807965649,0.5077822185373186,1.5348525745124633
-17.688252773883377,-4.176141807965649,0.5643366478704002,1.5009763241977652
-17.625752773883377,-4.238641807965649,0.5077822185373186,1.5472924192698998
-17.313252773883377,-4.238641807965649,0.5643366478704002,1.486281072758838
-17.250752773883377,-4.301141807965649,0.5077822185373186,1.5348525745124633
-17.000752773883377,-4.301141807965649,0.5643366478704002,1.5009763241977652
-16.938252773883377,-4.363641807965649,0.5077822185373186,1.5472924192698998
-16.625752773883377,-4.363641807965649,0.5643366478704002,1.486281072758838
-16.563252773883377,-4.426141807965649,0.5077822185373186,1.5348525745124633
-16.313252773883377,-4.426141807965649,0.5643366478704002,1.5009763241977652
-16.250752773883377,-4.488641807965649,0.5077822185373186,1.5472924192698998
-15.938252773883377,-4.488641807965649,0.5643366478704002,1.486281072758838
-15.875752773883377,-4.551141807965649,0.5077822185373186,1.5348525745124633
-15.563252773883377,-4.551141807965649,0.5643366478704002,1.486281072758838
-15.500752773883377,-4.613641807965649,0.5077822185373186,1.5348525745124633
-15.250752773883377,-4.613641807965649,0.5643366478704002,1.486281072758838
-15.188252773883377,-4.676141807965649,0.5077822185373186,1.5348525745124633
-14.875752773883377,-4.676141807965649,0.5643366478704002,1.486281072758838
-14.813252773883377,-4.738641807965649,0.5077822185373186,1.5348525745124633
-14.563252773883377,-4.738641807965649,0.5643366478704002,1.5009763241977652
-14.500752773883377,-4.801141807965649,0.5077822185373186,1.5472924192698998
-14.188252773883377,-4.801141807965649,0.5643366478704002,1.486281072758838
-14.125752773883377,-4.863641807965649,0.5077822185373186,1.5348525745124633
-13.875752773883377,-4.863641807965649,0.5643366478704002,1.5009763241977652
-13.813252773883377,-4.926141807965649,0.5077822185373186,1.5472924192698998
-13.500752773883377,-4.926141807965649,0.5643366478704002,1.486281072758838
-13.438252773883377,-4.988641807965649,0.5077822185373186,1.5348525745124633
-13.188252773883377,-4.988641807965649,0.5643366478704002,1.5009763241977652
-13.125752773883377,-5.051141807965649,0.5077822185373186,1.5472924192698998
-12.813252773883377,-5.051141807965649,0.5643366478704002,1.486281072758838
-12.750752773883377,-5.113641807965649,0.5077822185373186,1.5348525745124633
-12.500752773883377,-5.113641807965649,0.5643366478704002,1.5009763241977652
-12.438252773883377,-5.176141807965649,0.5077822185373186,1.5472924192698998
-12.125752773883377,-5.176141807965649,0.5643366478704002,1.486281072758838
-12.063252773883377,-5.238641807965649,0.5077822185373186,1.5348525745124633
-11.813252773883377,-5.238641807965649,0.5643366478704002,1.5009763241977652
-11.750752773883377,-5.301141807965649,0.5077822185373186,1.5472924192698998
-11.438252773883377,-5.301141807965649,0.5643366478704002,1.486281072758838
-11.375752773883377,-5.363641807965649,0.5077822185373186,1.5348525745124633
-11.125752773883377,-5.363641807965649,0.5643366478704002,1.5009763241977652
-11.063252773883377,-5.426141807965649,0.5077822185373186,1.5472924192698998
-10.750752773883377,-5.426141807965649,0.5643366478704002,1.486281072758838
-10.688252773883377,-5.488641807965649,0.5077822185373186,1.5348525745124633
-10.438252773883377,-5.488641807965649,0.5643366478704002,1.5009763241977652
-10.375752773883377,-5.551141807965649,0.5077822185373186,1.5472924192698998
-10.063252773883377,-5.551141807965649,0.5643366478704002,1.486281072758838
-10.000752773883377,-5.613641807965649,0.5077822185373186,1.5348525745124633
-9.750752773883377,-5.613641807965649,0.5643366478704002,1.5009763241977652
-9.688252773883377,-5.676141807965649,0.5077822185373186,1.5472924192698998
-9.375752773883377,-5.676141807965649,0.5643366478704002,1.486281072758838
-9.313252773883377,-5.738641807965649,0.5077822185373186,1.5348525745124633
-9.063252773883377,-5.738641807965649,0.5643366478704002,1.5009763241977652
-9.000752773883377,-5.801141807965649,0.5077822185373186,1.5472924192698998
-8.688252773883377,-5.801141807965649,0.5643366478704002,1.486281072758838
-8.625752773883377,-5.863641807965649,0.5077822185373186,1.5348525745124633
-8.375752773883377,-5.863641807965649,0.5643366478704002,1.5009763241977652
-8.313252773883377,-5.926141807965649,0.5077822185373186,1.5472924192698998
-8.000752773883377,-5.926141807965649,0.5643366478704002,1.486281072758838
-7.938252773883377,-5.988641807965649,0.5077822185373186,1.5348525745124633
-7.688252773883377,-5.988641807965649,0.5643366478704002,1.5009763241977652
-7.625752773883377,-6.051141807965649,0.5077822185373186,1.5472924192698998
-7.313252773883377,-6.051141807965649,0.5643366478704002,1.486281072758838
-7.250752773883377,-6.113641807965649,0.5077822185373186,1.5348525745124633
-6.938252773883377,-6.113641807965649,0.5643366478704002,1.486281072758838
-6.875752773883377,-6.176141807965649,0.5077822185373186,1.5348525745124633
-6.625752773883377,-6.176141807965649,0.5643366478704002,1.486281072758838
-6.563252773883377,-6.238641807965649,0.5077822185373186,1.5348525745124633
-6.250752773883377,-6.238641807965649,0.5643366478704002,1.486281072758838
-6.188252773883377,-6.301141807965649,0.5077822185373186,1.5348525745124633
-5.938252773883377,-6.301141807965649,0.5643366478704002,1.5009763241977652
-5.875752773883377,-6.363641807965649,0.5077822185373186,1.5472924192698998
-5.563252773883377,-6.363641807965649,0.5643366478704002,1.486281072758838
-5.500752773883377,-6.426141807965649,0.5077822185373186,1.5348525745124633
-5.250752773883377,-6.426141807965649,0.5643366478704002,1.5009763241977652
-5.188252773883377,-6.488641807965649,0.5077822185373186,1.5472924192698998
-4.875752773883377,-6.488641807965649,0.5643366478704002,1.486281072758838
-4.813252773883377,-6.551141807965649,0.5077822185373186,1.5348525745124633
-4.563252773883377,-6.551141807965649,0.5643366478704002,1.5009763241977652
-4.500752773883377,-6.613641807965649,0.5077822185373186,1.5472924192698998
-4.188252773883377,-6.613641807965649,0.5643366478704002,1.486281072758838
-4.125752773883377,-6.676141807965649,0.5077822185373186,1.5348525745124633
-3.8757527738833772,-6.676141807965649,0.5643366478704002,1.5009763241977652
-3.8132527738833772,-6.738641807965649,0.5077822185373186,1.5472924192698998
-3.5007527738833772,-6.738641807965649,0.5643366478704002,1.486281072758838
-3.4382527738833772,-6.801141807965649,0.5077822185373186,1.5348525745124633
-3.1882527738833772,-6.801141807965649,0.5643366478704002,1.5009763241977652
-3.1257527738833772,-6.863641807965649,0.5077822185373186,1.5472924192698998
-2.8132527738833772,-6.863641807965649,0.5643366478704002,1.486281072758838
-2.7507527738833772,-6.926141807965649,0.5077822185373186,1.5348525745124633
-1.4382527738833772,-6.926141807965649,0.5097184013377194,1.5615528128088303
-1.3757527738833772,-6.863641807965649,0.5476909133900132,1.5175015489461217
-1.2507527738833772,-6.863641807965649,0.5097184013377194,1.5558605254248157
-1.1882527738833772,-6.801141807965649,0.5476909133900132,1.5175015489461217
-1.0632527738833772,-6.801141807965649,0.5077822185373186,1.5558605254248157
-1.0007527738833772,-6.738641807965649,0.534559084827928,1.5194368026754388
-0.8757527738833772,-6.738641807965649,0.4882117688026185,1.569118169655856
-0.8132527738833772,-6.676141807965649,0.5307764064044151,1.5406034646643136
-0.7507527738833772,-6.676141807965649,0.5077822185373186,1.569118169655856
-0.6882527738833772,-6.613641807965649,0.534559084827928,1.5406034646643136
-0.6257527738833772,-6.613641807965649,0.5077822185373186,1.5700618952098995
-0.43825277388337724,-6.426141807965649,0.5402073110683274,1.5126552735130772
-0.37575277388337724,-6.426141807965649,0.5077822185373186,1.5501524333570909
-0.18825277388337724,-6.238641807965649,0.5402073110683274,1.5329319959113241
-0.12575277388337724,-6.238641807965649,0.5077822185373186,1.5771261697354833
0.12424722611662276,-5.988641807965649,0.5077822185373186,1.5771261697354833
0.12424722611662276,-5.926141807965649,0.5402073110683274,1.5329319959113241
0.37424722611662276,-5.676141807965649,0.5077822185373186,1.5634467524023972
0.37424722611662276,-5.613641807965649,0.5402073110683274,1.528122592448494
0.49924722611662276,-5.488641807965649,0.5077822185373186,1.5700618952098995
0.49924722611662276,-5.426141807965649,0.5307764064044151,1.5406034646643136
0.5617472261166228,-5.363641807965649,0.4882117688026185,1.569118169655856
0.5617472261166228,-5.238641807965649,0.534559084827928,1.5126552735130772
0.6242472261166228,-5.176141807965649,0.5077822185373186,1.543472840533977
0.6242472261166228,-5.113641807965649,0.534559084827928,1.5194368026754388
0.6867472261166228,-5.051141807965649,0.5077822185373186,1.5558605254248157
0.6867472261166228,-4.926141807965649,0.5476909133900132,1.5175015489461217
0.7492472261166228,-4.863641807965649,0.5097184013377194,1.5558605254248157
0.7492472261166228,-4.676141807965649,0.5680004681646913,1.5009763241977652
0.8117472261166228,-4.613641807965649,0.5174262872562316,1.5472924192698998
0.8117472261166228,-4.426141807965649,0.5643366478704002,1.5009763241977652
0.8742472261166228,-4.363641807965649,0.5077822185373186,1.5472924192698998
0.8742472261166228,-3.8011418079656494,0.5789172813520043,1.5
0.9367472261166228,-3.7386418079656494,0.5307764064044151,1.5625
0.9367472261166228,-2.7386418079656494,0.5307764064044151,1.5625
0.8742472261166228,-2.6761418079656494,0.5789172813520043,1.5
0.8742472261166228,-2.0511418079656494,0.5077822185373186,1.5472924192698998
0.8117472261166228,-1.9886418079656494,0.5643366478704002,1.5
0.8117472261166228,-1.6136418079656494,0.5077822185373186,1.5348525745124633
0.7492472261166228,-1.5511418079656494,0.5643366478704002,1.486281072758838
0.7492472261166228,-1.1761418079656494,0.5077822185373186,1.5472924192698998
0.6867472261166228,-1.1136418079656494,0.5643366478704002,1.5009763241977652
0.6867472261166228,-0.8636418079656494,0.5077822185373186,1.5472924192698998
0.6242472261166228,-0.8011418079656494,0.5643366478704002,1.5009763241977652
0.6242472261166228,-0.5511418079656494,0.5077822185373186,1.5472924192698998
0.5617472261166228,-0.4886418079656494,0.5476909133900132,1.5009763241977652
0.5617472261166228,-0.3011418079656494,0.5077822185373186,1.5348525745124633
0.49924722611662276,-0.23864180796564938,0.5643366478704002,1.486281072758838
0.49924722611662276,0.011358192034350623,0.5077822185373186,1.5242668425877057
0.43674722611662276,0.07385819203435062,0.5476909133900132,1.473456675480868
0.43674722611662276,0.3238581920343506,0.5019512213675874,1.5358121843627912
0.37424722611662276,0.3863581920343506,0.5476909133900132,1.4970681635838072
0.37424722611662276,0.5738581920343506,0.5077822185373186,1.5472924192698998
0.31174722611662276,0.6363581920343506,0.5476909133900132,1.5009763241977652
0.31174722611662276,0.8238581920343506,0.5077822185373186,1.5472924192698998
0.24924722611662276,0.8863581920343506,0.5476909133900132,1.5009763241977652
0.24924722611662276,1.0738581920343506,0.5077822185373186,1.5472924192698998
0.18674722611662276,1.1363581920343506,0.5476909133900132,1.5009763241977652
0.18674722611662276,1.3238581920343506,0.5077822185373186,1.5472924192698998
0.12424722611662276,1.3863581920343506,0.5476909133900132,1.5009763241977652
0.12424722611662276,1.5738581920343506,0.5077822185373186,1.5558605254248157
0.061747226116622755,1.6363581920343506,0.5476909133900132,1.5175015489461217
0.061747226116622755,1.7613581920343506,0.5097184013377194,1.5472924192698998
-0.0007527738833772446,1.8238581920343506,0.5476909133900132,1.5009763241977652
-0.0007527738833772446,2.0113581920343506,0.5077822185373186,1.5472924192698998
-0.06325277388337724,2.0738581920343506,0.5476909133900132,1.5009763241977652
-0.06325277388337724,2.2613581920343506,0.4882117688026185,1.5558605254248157
-0.12575277388337724,2.3238581920343506,0.5307764064044151,1.5175015489461217
-0.12575277388337724,2.4488581920343506,0.5077822185373186,1.5558605254248157
-0.18825277388337724,2.5113581920343506,0.5476909133900132,1.5175015489461217
-0.18825277388337724,2.6363581920343506,0.5097184013377194,1.5472924192698998
-0.25075277388337724,2.6988581920343506,0.5476909133900132,1.5009763241977652
-0.25075277388337724,2.8863581920343506,0.5077822185373186,1.5558605254248157
-0.31325277388337724,2.9488581920343506,0.5476909133900132,1.5175015489461217
-0.31325277388337724,3.0738581920343506,0.5097184013377194,1.5472924192698998
-0.37575277388337724,3.1363581920343506,0.5476909133900132,1.5009763241977652
-0.37575277388337724,3.3238581920343506,0.4882117688026185,1.5558605254248157
-0.43825277388337724,3.3863581920343506,0.5307764064044151,1.5175015489461217
-0.43825277388337724,3.5113581920343506,0.5077822185373186,1.5558605254248157
-0.5007527738833772,3.5738581920343506,0.5476909133900132,1.5175015489461217
-0.5007527738833772,3.6988581920343506,0.5097184013377194,1.5558605254248157
-0.5632527738833772,3.7613581920343506,0.5476909133900132,1.5175015489461217
-0.5632527738833772,3.8863581920343506,0.5097184013377194,1.5472924192698998
-0.6257527738833772,3.9488581920343506,0.5476909133900132,1.5009763241977652
-0.6257527738833772,4.136358192034351,0.4882117688026185,1.5558605254248157
-0.6882527738833772,4.198858192034351,0.5307764064044151,1.5175015489461217
-0.6882527738833772,4.323858192034351,0.4882117688026185,1.5558605254248157
-0.7507527738833772,4.386358192034351,0.5307764064044151,1.5175015489461217
-0.7507527738833772,4.511358192034351,0.4882117688026185,1.5558605254248157
-0.8132527738833772,4.573858192034351,0.5307764064044151,1.5175015489461217
-0.8132527738833772,4.698858192034351,0.5077822185373186,1.5558605254248157
-0.8757527738833772,4.761358192034351,0.5476909133900132,1.5175015489461217
-0.8757527738833772,4.886358192034351,0.5097184013377194,1.5558605254248157
-0.9382527738833772,4.948858192034351,0.5476909133900132,1.5175015489461217
-0.9382527738833772,5.073858192034351,0.5097184013377194,1.5558605254248157
-1.0007527738833772,5.136358192034351,0.5476909133900132,1.5175015489461217
-1.0007527738833772,5.261358192034351,0.5097184013377194,1.5558605254248157
-1.0632527738833772,5.323858192034351,0.5476909133900132,1.5175015489461217
-1.0632527738833772,5.448858192034351,0.5097184013377194,1.5558605254248157
-1.1257527738833772,5.511358192034351,0.5476909133900132,1.5175015489461217
-1.1257527738833772,5.636358192034351,0.5097184013377194,1.5558605254248157
-1.1882527738833772,5.698858192034351,0.5476909133900132,1.5175015489461217
-1.1882527738833772,5.823858192034351,0.5097184013377194,1.5558605254248157
-1.2507527738833772,5.886358192034351,0.5476909133900132,1.5194368026754388
-1.2507527738833772,6.011358192034351,0.5077822185373186,1.569118169655856
-1.3132527738833772,6.073858192034351,0.534559084827928,1.5406034646643136
-1.3132527738833772,6.136358192034351,0.5077822185373186,1.569118169655856
-1.4382527738833772,6.261358192034351,0.5402073110683274,1.5155644370746373
-1.4382527738833772,6.323858192034351,0.5077822185373186,1.5472924192698998
-1.5632527738833772,6.448858192034351,0.5402073110683274,1.5126552735130772
-1.5632527738833772,6.511358192034351,0.5077822185373186,1.5501524333570909
-1.6882527738833772,6.636358192034351,0.5402073110683274,1.5348525745124633
-1.6882527738833772,6.698858192034351,0.5077822185373186,1.5775962673243327
-1.9382527738833772,6.948858192034351,0.5077822185373186,1.5771261697354833
-2.0007527738833772,6.948858192034351,0.5402073110683274,1.5329319959113241
-2.3132527738833772,7.261358192034351,0.5077822185373186,1.5634467524023972
-2.3757527738833772,7.261358192034351,0.534559084827928,1.528122592448494
-2.4382527738833772,7.323858192034351,0.5077822185373186,1.5472924192698998
-2.5007527738833772,7.323858192034351,0.534559084827928,1.5155644370746373
-2.5632527738833772,7.386358192034351,0.5077822185373186,1.5406034646643136
-2.6257527738833772,7.386358192034351,0.534559084827928,1.5126552735130772
-2.6882527738833772,7.448858192034351,0.5077822185373186,1.5406034646643136
-2.7507527738833772,7.448858192034351,0.534559084827928,1.5126552735130772
-2.8132527738833772,7.511358192034351,0.5077822185373186,1.543472840533977
-2.8757527738833772,7.511358192034351,0.534559084827928,1.5194368026754388
-2.9382527738833772,7.573858192034351,0.5077822185373186,1.5558605254248157
-3.0632527738833772,7.573858192034351,0.5476909133900132,1.5175015489461217
-3.1257527738833772,7.636358192034351,0.5097184013377194,1.5558605254248157
-3.2507527738833772,7.636358192034351,0.5476909133900132,1.5175015489461217
-3.3132527738833772,7.698858192034351,0.5097184013377194,1.5558605254248157
-3.4382527738833772,7.698858192034351,0.5476909133900132,1.5175015489461217
-3.5007527738833772,7.761358192034351,0.5077822185373186,1.5558605254248157
-3.6257527738833772,7.761358192034351,0.5307764064044151,1.5175015489461217
-3.6882527738833772,7.823858192034351,0.4882117688026185,1.5615528128088303
-3.8757527738833772,7.823858192034351,0.5307764064044151,1.5175015489461217
-3.9382527738833772,7.886358192034351,0.4882117688026185,1.5615528128088303
-4.125752773883377,7.886358192034351,0.5307764064044151,1.5175015489461217
-4.188252773883377,7.948858192034351,0.4882117688026185,1.5615528128088303
-4.375752773883377,7.948858192034351,0.5307764064044151,1.5175015489461217
-4.438252773883377,8.01135819203435,0.4882117688026185,1.5615528128088303
-4.625752773883377,8.01135819203435,0.5307764064044151,1.5242668425877057
-4.688252773883377,8.07385819203435,0.4882117688026185,1.5775962673243327
-4.938252773883377,8.07385819203435,0.5307764064044151,1.5175015489461217
-5.000752773883377,8.13635819203435,0.4882117688026185,1.5615528128088303
-5.188252773883377,8.13635819203435,0.5307764064044151,1.5242668425877057
-5.250752773883377,8.19885819203435,0.4882117688026185,1.5775962673243327
-5.500752773883377,8.19885819203435,0.5307764064044151,1.5175015489461217
-5.563252773883377,8.26135819203435,0.4882117688026185,1.5615528128088303
-5.750752773883377,8.26135819203435,0.5307764064044151,1.5242668425877057
-5.813252773883377,8.32385819203435,0.4882117688026185,1.5775962673243327
-6.063252773883377,8.32385819203435,0.5307764064044151,1.5175015489461217
-6.125752773883377,8.38635819203435,0.4882117688026185,1.5615528128088303
-6.313252773883377,8.38635819203435,0.5307764064044151,1.5242668425877057
-6.375752773883377,8.44885819203435,0.4882117688026185,1.5775962673243327
-6.625752773883377,8.44885819203435,0.5307764064044151,1.5175015489461217
-6.688252773883377,8.51135819203435,0.4882117688026185,1.5615528128088303
-6.875752773883377,8.51135819203435,0.5307764064044151,1.5242668425877057
-6.938252773883377,8.57385819203435,0.4882117688026185,1.5775962673243327
-7.188252773883377,8.57385819203435,0.5307764064044151,1.5175015489461217
-7.250752773883377,8.63635819203435,0.4882117688026185,1.5615528128088303
-7.500752773883377,8.63635819203435,0.5307764064044151,1.5155644370746373
-7.563252773883377,8.69885819203435,0.4882117688026185,1.5615528128088303
-7.750752773883377,8.69885819203435,0.5307764064044151,1.5175015489461217
-7.813252773883377,8.76135819203435,0.4882117688026185,1.5615528128088303
-8.063252773883377,8.76135819203435,0.5307764064044151,1.5155644370746373
-8.125752773883377,8.82385819203435,0.4882117688026185,1.5615528128088303
-8.313252773883377,8.82385819203435,0.5307764064044151,1.5175015489461217
-8.375752773883377,8.88635819203435,0.4882117688026185,1.5615528128088303
-8.625752773883377,8.88635819203435,0.5307764064044151,1.5155644370746373
-8.688252773883377,8.94885819203435,0.4882117688026185,1.5615528128088303
-8.875752773883377,8.94885819203435,0.5307764064044151,1.5242668425877057
-8.938252773883377,9.01135819203435,0.4882117688026185,1.5775962673243327
-9.188252773883377,9.01135819203435,0.5307764064044151,1.5175015489461217
-9.250752773883377,9.07385819203435,0.4882117688026185,1.5615528128088303
-9.438252773883377,9.07385819203435,0.5307764064044151,1.5242668425877057
-9.500752773883377,9.13635819203435,0.4882117688026185,1.5775962673243327
-9.750752773883377,9.13635819203435,0.5307764064044151,1.5175015489461217
-9.813252773883377,9.19885819203435,0.4882117688026185,1.5615528128088303
-10.000752773883377,9.19885819203435,0.5307764064044151,1.5242668425877057
-10.063252773883377,9.26135819203435,0.4882117688026185,1.5775962673243327
-10.313252773883377,9.26135819203435,0.5307764064044151,1.5175015489461217
-10.375752773883377,9.32385819203435,0.4882117688026185,1.5615528128088303
-10.563252773883377,9.32385819203435,0.5307764064044151,1.5242668425877057
-10.625752773883377,9.38635819203435,0.4882117688026185,1.5775962673243327
-10.875752773883377,9.38635819203435,0.5307764064044151,1.5175015489461217
-10.938252773883377,9.44885819203435,0.4882117688026185,1.5615528128088303
-11.125752773883377,9.44885819203435,0.5307764064044151,1.5242668425877057
-11.188252773883377,9.51135819203435,0.4882117688026185,1.5775962673243327
-11.438252773883377,9.51135819203435,0.5307764064044151,1.5175015489461217
-11.500752773883377,9.57385819203435,0.4882117688026185,1.5615528128088303
-11.688252773883377,9.57385819203435,0.5307764064044151,1.5242668425877057
-11.750752773883377,9.63635819203435,0.4882117688026185,1.5775962673243327
-12.000752773883377,9.63635819203435,0.5307764064044151,1.5175015489461217
-12.063252773883377,9.69885819203435,0.4882117688026185,1.5615528128088303
-12.250752773883377,9.69885819203435,0.5307764064044151,1.5242668425877057
-12.313252773883377,9.76135819203435,0.4882117688026185,1.5775962673243327
-12.563252773883377,9.76135819203435,0.5307764064044151,1.5175015489461217
-12.625752773883377,9.82385819203435,0.4882117688026185,1.5615528128088303
-12.875752773883377,9.82385819203435,0.5307764064044151,1.5155644370746373
-12.938252773883377,9.88635819203435,0.4882117688026185,1.5615528128088303
-13.125752773883377,9.88635819203435,0.5307764064044151,1.5175015489461217
-13.188252773883377,9.94885819203435,0.4882117688026185,1.5615528128088303
-13.438252773883377,9.94885819203435,0.5307764064044151,1.5155644370746373
-13.500752773883377,10.01135819203435,0.4882117688026185,1.5615528128088303
-13.688252773883377,10.01135819203435,0.5307764064044151,1.5175015489461217
-13.750752773883377,10.07385819203435,0.4882117688026185,1.5615528128088303
-14.000752773883377,10.07385819203435,0.5307764064044151,1.5155644370746373
-14.063252773883377,10.13635819203435,0.4882117688026185,1.5615528128088303
-14.250752773883377,10.13635819203435,0.5307764064044151,1.5242668425877057
-14.313252773883377,10.19885819203435,0.4882117688026185,1.5775962673243327
-14.563252773883377,10.19885819203435,0.5307764064044151,1.5175015489461217
-14.625752773883377,10.26135819203435,0.4882117688026185,1.5615528128088303
-14.813252773883377,10.26135819203435,0.5307764064044151,1.5242668425877057
-14.875752773883377,10.32385819203435,0.4882117688026185,1.5775962673243327
-15.125752773883377,10.32385819203435,0.5307764064044151,1.5175015489461217
-15.188252773883377,10.38635819203435,0.4882117688026185,1.5615528128088303
-15.375752773883377,10.38635819203435,0.5307764064044151,1.5242668425877057
-15.438252773883377,10.44885819203435,0.4882117688026185,1.5775962673243327
-15.688252773883377,10.44885819203435,0.5307764064044151,1.5175015489461217
-15.750752773883377,10.51135819203435,0.4882117688026185,1.5615528128088303
-15.938252773883377,10.51135819203435,0.5307764064044151,1.5242668425877057
-16.000752773883377,10.57385819203435,0.4882117688026185,1.5775962673243327
-16.250752773883377,10.57385819203435,0.5307764064044151,1.5175015489461217
-16.313252773883377,10.63635819203435,0.4882117688026185,1.5615528128088303
-16.500752773883377,10.63635819203435,0.5307764064044151,1.5242668425877057
-16.563252773883377,10.69885819203435,0.4882117688026185,1.5775962673243327
-16.813252773883377,10.69885819203435,0.5307764064044151,1.5175015489461217
-16.875752773883377,10.76135819203435,0.4882117688026185,1.5615528128088303
-17.063252773883377,10.76135819203435,0.5307764064044151,1.5242668425877057
-17.125752773883377,10.82385819203435,0.4882117688026185,1.5775962673243327
-17.375752773883377,10.82385819203435,0.5307764064044151,1.5175015489461217
-17.438252773883377,10.88635819203435,0.4882117688026185,1.5615528128088303
-17.688252773883377,10.88635819203435,0.5307764064044151,1.5155644370746373
-17.750752773883377,10.94885819203435,0.4882117688026185,1.5615528128088303
-17.938252773883377,10.94885819203435,0.5307764064044151,1.5175015489461217
-18.000752773883377,11.01135819203435,0.4882117688026185,1.5615528128088303
-18.250752773883377,11.01135819203435,0.5307764064044151,1.5155644370746373
-18.313252773883377,11.07385819203435,0.4882117688026185,1.5615528128088303
-18.500752773883377,11.07385819203435,0.5307764064044151,1.5175015489461217
-18.563252773883377,11.13635819203435,0.4882117688026185,1.5615528128088303
-18.813252773883377,11.13635819203435,0.5307764064044151,1.5155644370746373
-18.875752773883377,11.19885819203435,0.4882117688026185,1.5615528128088303
-19.063252773883377,11.19885819203435,0.5307764064044151,1.5242668425877057
-19.125752773883377,11.26135819203435,0.4882117688026185,1.5775962673243327
-19.375752773883377,11.26135819203435,0.5307764064044151,1.5175015489461217
-19.438252773883377,11.32385819203435,0.4882117688026185,1.5615528128088303
-19.625752773883377,11.32385819203435,0.5307764064044151,1.5242668425877057
-19.688252773883377,11.38635819203435,0.4882117688026185,1.5775962673243327
-19.938252773883377,11.38635819203435,0.5307764064044151,1.5175015489461217
-20.000752773883377,11.44885819203435,0.4882117688026185,1.5615528128088303
-20.188252773883377,11.44885819203435,0.5307764064044151,1.5242668425877057
-20.250752773883377,11.51135819203435,0.4882117688026185,1.5775962673243327
-20.500752773883377,11.51135819203435,0.5307764064044151,1.5175015489461217
-20.563252773883377,11.57385819203435,0.4882117688026185,1.5615528128088303
-20.750752773883377,11.57385819203435,0.5307764064044151,1.5242668425877057
-20.813252773883377,11.63635819203435,0.4882117688026185,1.5775962673243327
-21.063252773883377,11.63635819203435,0.5307764064044151,1.5175015489461217
-21.125752773883377,11.69885819203435,0.4882117688026185,1.5615528128088303
-21.313252773883377,11.69885819203435,0.5307764064044151,1.5242668425877057
-21.375752773883377,11.76135819203435,0.4882117688026185,1.5775962673243327
-21.625752773883377,11.76135819203435,0.5307764064044151,1.5175015489461217
-21.688252773883377,11.82385819203435,0.4882117688026185,1.5615528128088303
-21.875752773883377,11.82385819203435,0.5307764064044151,1.5242668425877057
-21.938252773883377,11.88635819203435,0.4882117688026185,1.5775962673243327
-22.188252773883377,11.88635819203435,0.5307764064044151,1.5175015489461217
-22.250752773883377,11.94885819203435,0.4882117688026185,1.5615528128088303
-22.438252773883377,11.94885819203435,0.5307764064044151,1.5242668425877057
-22.500752773883377,12.01135819203435,0.4882117688026185,1.5775962673243327
-22.750752773883377,12.01135819203435,0.5307764064044151,1.5175015489461217
-22.813252773883377,12.07385819203435,0.4882117688026185,1.5615528128088303
-23.063252773883377,12.07385819203435,0.5307764064044151,1.5155644370746373
-23.125752773883377,12.13635819203435,0.4882117688026185,1.5615528128088303
-23.313252773883377,12.13635819203435,0.5307764064044151,1.5175015489461217
-23.375752773883377,12.19885819203435,0.4882117688026185,1.5615528128088303
-23.563252773883377,12.19885819203435,0.5307764064044151,1.5175015489461217
-23.625752773883377,12.26135819203435,0.4882117688026185,1.5615528128088303
-23.750752773883377,12.26135819203435,0.5307764064044151,1.5194368026754388
-23.813252773883377,12.32385819203435,0.4882117688026185,1.5558605254248157
-23.938252773883377,12.32385819203435,0.5307764064044151,1.5175015489461217
-24.000752773883377,12.38635819203435,0.4882117688026185,1.5558605254248157
-24.125752773883377,12.38635819203435,0.534559084827928,1.5126552735130772
-24.188252773883377,12.44885819203435,0.5077822185373186,1.5406034646643136
-24.250752773883377,12.44885819203435,0.534559084827928,1.5126552735130772
-24.313252773883377,12.51135819203435,0.5077822185373186,1.543472840533977
-24.375752773883377,12.51135819203435,0.534559084827928,1.5194368026754388
-24.438252773883377,12.57385819203435,0.5077822185373186,1.5558605254248157
-24.500752773883377,12.57385819203435,0.534559084827928,1.5358121843627912
-24.563252773883377,12.63635819203435,0.5077822185373186,1.5634467524023972
-24.625752773883377,12.63635819203435,0.534559084827928,1.528122592448494
-24.688252773883377,12.69885819203435,0.5077822185373186,1.5472924192698998
-24.750752773883377,12.69885819203435,0.534559084827928,1.5155644370746373
-24.813252773883377,12.76135819203435,0.5077822185373186,1.5406034646643136
-24.875752773883377,12.76135819203435,0.534559084827928,1.5126552735130772
-25.000752773883377,12.88635819203435,0.4882117688026185,1.5634467524023972
-25.063252773883377,12.88635819203435,0.5250762166785454,1.528122592448494
-25.125752773883377,12.94885819203435,0.5077822185373186,1.5472924192698998
-25.188252773883377,12.94885819203435,0.534559084827928,1.5155644370746373
-25.313252773883377,13.07385819203435,0.4882117688026185,1.5634467524023972
-25.375752773883377,13.07385819203435,0.5250762166785454,1.528122592448494
-25.438252773883377,13.13635819203435,0.5077822185373186,1.5472924192698998
-25.500752773883377,13.13635819203435,0.5402073110683274,1.5126552735130772
-25.625752773883377,13.26135819203435,0.5077822185373186,1.5472924192698998
-25.688252773883377,13.26135819203435,0.5402073110683274,1.5126552735130772
-25.875752773883377,13.44885819203435,0.5077822185373186,1.5501524333570909
-25.938252773883377,13.44885819203435,0.5402073110683274,1.5126552735130772
-26.125752773883377,13.63635819203435,0.5077822185373186,1.5501524333570909
-26.188252773883377,13.63635819203435,0.5402073110683274,1.5126552735130772
-26.500752773883377,13.94885819203435,0.5077822185373186,1.5501524333570909
-26.563252773883377,13.94885819203435,0.5402073110683274,1.5126552735130772
-27.000752773883377,14.38635819203435,0.5077822185373186,1.5771261697354833
-27.063252773883377,14.38635819203435,0.5402073110683274,1.5329319959113241
-28.188252773883377,15.51135819203435,0.5402073110683274,1.5329319959113241
-28.188252773883377,15.57385819203435,0.5077822185373186,1.5771261697354833
-28.750752773883377,16.13635819203435,0.5402073110683274,1.5126552735130772
-28.750752773883377,16.19885819203435,0.5077822185373186,1.5501524333570909
-29.000752773883377,16.44885819203435,0.5402073110683274,1.528122592448494
-29.000752773883377,16.51135819203435,0.5077822185373186,1.5634467524023972
-29.188252773883377,16.69885819203435,0.5402073110683274,1.5126552735130772
-29.188252773883377,16.76135819203435,0.5077822185373186,1.5472924192698998
-29.313252773883377,16.88635819203435,0.5250762166785454,1.5126552735130772
-29.313252773883377,16.94885819203435,0.4882117688026185,1.5501524333570909
-29.438252773883377,17.07385819203435,0.534559084827928,1.5155644370746373
-29.438252773883377,17.13635819203435,0.5077822185373186,1.5472924192698998
-29.500752773883377,17.19885819203435,0.5250762166785454,1.528122592448494
-29.500752773883377,17.26135819203435,0.4882117688026185,1.5634467524023972
-29.625752773883377,17.38635819203435,0.534559084827928,1.5155644370746373
-29.625752773883377,17.44885819203435,0.5077822185373186,1.5472924192698998
-29.688252773883377,17.51135819203435,0.5250762166785454,1.528122592448494
-29.688252773883377,17.57385819203435,0.4882117688026185,1.5634467524023972
-29.813252773883377,17.69885819203435,0.534559084827928,1.5126552735130772
-29.813252773883377,17.76135819203435,0.5077822185373186,1.5406034646643136
-29.875752773883377,17.82385819203435,0.534559084827928,1.5126552735130772
-29.875752773883377,17.88635819203435,0.5077822185373186,1.5406034646643136
-29.938252773883377,17.94885819203435,0.534559084827928,1.5155644370746373
-29.938252773883377,18.01135819203435,0.5077822185373186,1.5472924192698998
-30.000752773883377,18.07385819203435,0.534559084827928,1.528122592448494
-30.000752773883377,18.13635819203435,0.5077822185373186,1.5634467524023972
-30.063252773883377,18.19885819203435,0.534559084827928,1.5406034646643136
-30.063252773883377,18.26135819203435,0.5077822185373186,1.569118169655856
-30.125752773883377,18.32385819203435,0.534559084827928,1.5406034646643136
-30.125752773883377,18.38635819203435,0.5077822185373186,1.569118169655856
-30.188252773883377,18.44885819203435,0.534559084827928,1.5406034646643136
-30.188252773883377,18.51135819203435,0.5077822185373186,1.569118169655856
-30.250752773883377,18.57385819203435,0.534559084827928,1.5358121843627912
-30.250752773883377,18.63635819203435,0.5077822185373186,1.5558605254248157
-30.313252773883377,18.69885819203435,0.534559084827928,1.5194368026754388
-30.313252773883377,18.76135819203435,0.5077822185373186,1.543472840533977
-30.375752773883377,18.82385819203435,0.534559084827928,1.5126552735130772
-30.375752773883377,18.88635819203435,0.5077822185373186,1.5406034646643136
-30.438252773883377,18.94885819203435,0.534559084827928,1.5126552735130772
-30.438252773883377,19.07385819203435,0.4882117688026185,1.569118169655856
-30.500752773883377,19.13635819203435,0.5307764064044151,1.5358121843627912
-30.500752773883377,19.19885819203435,0.5077822185373186,1.5558605254248157
-30.563252773883377,19.26135819203435,0.534559084827928,1.5194368026754388
-30.563252773883377,19.32385819203435,0.5077822185373186,1.543472840533977
-30.625752773883377,19.38635819203435,0.534559084827928,1.5126552735130772
-30.625752773883377,19.44885819203435,0.5077822185373186,1.5406034646643136
-30.688252773883377,19.51135819203435,0.534559084827928,1.5126552735130772
-30.688252773883377,19.63635819203435,0.4882117688026185,1.5558605254248157
-30.750752773883377,19.69885819203435,0.5307764064044151,1.5194368026754388
-30.750752773883377,19.76135819203435,0.5077822185373186,1.543472840533977
-30.813252773883377,19.82385819203435,0.534559084827928,1.5126552735130772
-30.813252773883377,19.94885819203435,0.4882117688026185,1.569118169655856
-30.875752773883377,20.01135819203435,0.5307764064044151,1.5358121843627912
-30.875752773883377,20.07385819203435,0.5077822185373186,1.5558605254248157
-30.938252773883377,20.13635819203435,0.534559084827928,1.5175015489461217
-30.938252773883377,20.26135819203435,0.4882117688026185,1.5558605254248157
-31.000752773883377,20.32385819203435,0.5307764064044151,1.5194368026754388
-31.000752773883377,20.38635819203435,0.5077822185373186,1.543472840533977
-31.063252773883377,20.44885819203435,0.534559084827928,1.5126552735130772
-31.063252773883377,20.57385819203435,0.4882117688026185,1.5558605254248157
-31.125752773883377,20.63635819203435,0.5307764064044151,1.5194368026754388
-31.125752773883377,20.76135819203435,0.4882117688026185,1.569118169655856
-31.188252773883377,20.82385819203435,0.5307764064044151,1.5358121843627912
-31.188252773883377,20.88635819203435,0.5077822185373186,1.5558605254248157
-31.250752773883377,20.94885819203435,0.534559084827928,1.5175015489461217
-31.250752773883377,21.07385819203435,0.4882117688026185,1.5558605254248157
-31.313252773883377,21.13635819203435,0.5307764064044151,1.5194368026754388
-31.313252773883377,21.26135819203435,0.4882117688026185,1.569118169655856
-31.375752773883377,21.32385819203435,0.5307764064044151,1.5358121843627912
-31.375752773883377,21.38635819203435,0.5097184013377194,1.5558605254248157
-31.438252773883377,21.44885819203435,0.5476909133900132,1.5175015489461217
-31.438252773883377,21.57385819203435,0.5097184013377194,1.5558605254248157
-31.500752773883377,21.63635819203435,0.5476909133900132,1.5175015489461217
-31.500752773883377,21.76135819203435,0.5077822185373186,1.5558605254248157
-31.563252773883377,21.82385819203435,0.534559084827928,1.5175015489461217
-31.563252773883377,21.94885819203435,0.4882117688026185,1.5558605254248157
-31.625752773883377,22.01135819203435,0.5307764064044151,1.5175015489461217
-31.625752773883377,22.13635819203435,0.4882117688026185,1.5558605254248157
-31.688252773883377,22.19885819203435,0.5307764064044151,1.5175015489461217
-31.688252773883377,22.32385819203435,0.4882117688026185,1.5558605254248157
-31.750752773883377,22.38635819203435,0.5307764064044151,1.5175015489461217
-31.750752773883377,22.51135819203435,0.4882117688026185,1.5558605254248157
-31.813252773883377,22.57385819203435,0.5307764064044151,1.5175015489461217
-31.813252773883377,22.69885819203435,0.5077822185373186,1.5558605254248157
-31.875752773883377,22.76135819203435,0.5476909133900132,1.5175015489461217
-31.875752773883377,22.88635819203435,0.5097184013377194,1.5558605254248157
-31.938252773883377,22.94885819203435,0.5476909133900132,1.5175015489461217
-31.938252773883377,23.07385819203435,0.5097184013377194,1.5558605254248157
-32.00075277388338,23.13635819203435,0.5476909133900132,1.5175015489461217
-32.00075277388338,23.26135819203435,0.5097184013377194,1.5472924192698998
-32.06325277388338,23.32385819203435,0.5476909133900132,1.5009763241977652
-32.06325277388338,23.51135819203435,0.4882117688026185,1.5558605254248157
-32.12575277388338,23.57385819203435,0.5307764064044151,1.5175015489461217
-32.12575277388338,23.69885819203435,0.5077822185373186,1.5558605254248157
-32.18825277388338,23.76135819203435,0.5476909133900132,1.5194368026754388
-32.18825277388338,23.88635819203435,0.5077822185373186,1.569118169655856
-32.25075277388338,23.94885819203435,0.534559084827928,1.5406034646643136
-32.25075277388338,24.01135819203435,0.5077822185373186,1.569118169655856
-32.31325277388338,24.07385819203435,0.534559084827928,1.5358121843627912
-32.31325277388338,24.13635819203435,0.5077822185373186,1.5558605254248157
-32.37575277388338,24.19885819203435,0.534559084827928,1.5194368026754388
-32.37575277388338,24.26135819203435,0.5077822185373186,1.543472840533977
-32.43825277388338,24.32385819203435,0.534559084827928,1.5126552735130772
-32.43825277388338,24.38635819203435,0.5077822185373186,1.5406034646643136
-32.50075277388338,24.44885819203435,0.534559084827928,1.5155644370746373
-32.50075277388338,24.51135819203435,0.5077822185373186,1.5472924192698998
-32.62575277388338,24.63635819203435,0.5402073110683274,1.5126552735130772
-32.62575277388338,24.69885819203435,0.5077822185373186,1.5501524333570909
-32.81325277388338,24.88635819203435,0.5402073110683274,1.5126552735130772
-32.81325277388338,24.94885819203435,0.5077822185373186,1.5501524333570909
-32.93825277388338,25.07385819203435,0.5402073110683274,1.5348525745124633
-32.93825277388338,25.13635819203435,0.5077822185373186,1.5775962673243327
-33.25075277388338,25.44885819203435,0.5077822185373186,1.5771261697354833
-33.31325277388338,25.44885819203435,0.5402073110683274,1.5329319959113241
-33.56325277388338,25.69885819203435,0.5077822185373186,1.5501524333570909
-33.62575277388338,25.69885819203435,0.5402073110683274,1.5126552735130772
-33.75075277388338,25.82385819203435,0.5077822185373186,1.5472924192698998
-33.81325277388338,25.82385819203435,0.534559084827928,1.5155644370746373
-33.93825277388338,25.94885819203435,0.4882117688026185,1.569118169655856
-34.00075277388338,25.94885819203435,0.5250762166785454,1.5406034646643136
-34.06325277388338,26.01135819203435,0.5077822185373186,1.569118169655856
-34.12575277388338,26.01135819203435,0.534559084827928,1.5406034646643136
-34.18825277388338,26.07385819203435,0.5077822185373186,1.569118169655856
-34.25075277388338,26.07385819203435,0.5307764064044151,1.5406034646643136
-34.31325277388338,26.13635819203435,0.4882117688026185,1.569118169655856
-34.43825277388338,26.13635819203435,0.5307764064044151,1.5194368026754388
-34.50075277388338,26.19885819203435,0.4882117688026185,1.5558605254248157
-34.68825277388338,26.19885819203435,0.5476909133900132,1.5009763241977652
-34.75075277388338,26.26135819203435,0.5097184013377194,1.5472924192698998
-34.87575277388338,26.26135819203435,0.5476909133900132,1.5175015489461217
-34.93825277388338,26.32385819203435,0.5019512213675874,1.5615528128088303
-35.12575277388338,26.32385819203435,0.5307764064044151,1.5242668425877057
-35.18825277388338,26.38635819203435,0.4882117688026185,1.5775962673243327
-36.25075277388338,26.38635819203435,0.5476909133900132,1.5625
-36.31325277388338,26.44885819203435,0.5,1.625
